{
  "meta": {
    "dataset": "log_gvrh",
    "split": "chemsys",
    "model": "coGN",
    "split_ratio": "0.7-0.1-0.2",
    "epochs": 800,
    "batch_size": 64,
    "lr_init": 0.0005,
    "lr_final": 1e-05,
    "lr_schedule": "PolynomialDecay (linear)",
    "preprocessor": "KNNAsymmetricUnitCell(24)",
    "n_train": 7682,
    "n_val": 1097,
    "n_test": 2204,
    "train_time_s": 1772.276870250702
  },
  "train": {
    "mae": 0.0006382972774454133,
    "rmse": 0.004175936105487354,
    "r2": 0.9998724022011048
  },
  "val": {
    "mae": 0.07392601419355699,
    "rmse": 0.11357284008346384,
    "r2": 0.9080085952789347
  },
  "test": {
    "mae": 0.07528132709951964,
    "rmse": 0.11391686403038487,
    "r2": 0.9055839526627286
  }
}