{
  "meta": {
    "dataset": "log_kvrh",
    "split": "pointgroup",
    "model": "coNGN",
    "split_ratio": "0.7-0.1-0.2",
    "epochs": 600,
    "batch_size": 64,
    "lr_init": 0.0005,
    "lr_final": 1e-05,
    "lr_schedule": "PolynomialDecay (linear)",
    "preprocessor": "VoronoiAsymmetricUnitCell(1e-6)",
    "n_train": 7786,
    "n_val": 1112,
    "n_test": 2085,
    "train_time_s": 3585.6367213726044
  },
  "train": {
    "mae": 0.0003404881333111266,
    "rmse": 0.0035339000841202585,
    "r2": 0.9999055063193591
  },
  "val": {
    "mae": 0.05134789465761575,
    "rmse": 0.10888855858286503,
    "r2": 0.9085592053471991
  },
  "test": {
    "mae": 0.056370871609487574,
    "rmse": 0.10134925338695308,
    "r2": 0.9318007542789979
  }
}