{
  "meta": {
    "dataset": "log_gvrh",
    "split": "pointgroup",
    "model": "coNGN",
    "split_ratio": "0.7-0.1-0.2",
    "epochs": 600,
    "batch_size": 64,
    "lr_init": 0.0005,
    "lr_final": 1e-05,
    "lr_schedule": "PolynomialDecay (linear)",
    "preprocessor": "VoronoiAsymmetricUnitCell(1e-6)",
    "n_train": 8065,
    "n_val": 1152,
    "n_test": 1766,
    "train_time_s": 3878.061077594757
  },
  "train": {
    "mae": 0.0006153083783366598,
    "rmse": 0.004209225723167087,
    "r2": 0.9998678309483
  },
  "val": {
    "mae": 0.06897249560184465,
    "rmse": 0.10661706205556176,
    "r2": 0.9126637086725208
  },
  "test": {
    "mae": 0.09009998115820031,
    "rmse": 0.12820885428989712,
    "r2": 0.8933723903353649
  }
}