{
  "meta": {
    "dataset": "mp_e_form",
    "split": "elements",
    "model": "coNGN",
    "split_ratio": "0.7-0.1-0.2",
    "epochs": 600,
    "batch_size": 64,
    "lr_init": 0.0005,
    "lr_final": 1e-05,
    "lr_schedule": "PolynomialDecay (linear)",
    "preprocessor": "VoronoiAsymmetricUnitCell(1e-6)",
    "n_train": 74445,
    "n_val": 10632,
    "n_test": 47641,
    "train_time_s": 95801.17710232735
  },
  "train": {
    "mae": 0.00041976228827674293,
    "rmse": 0.004322044539562314,
    "r2": 0.999983262628083
  },
  "val": {
    "mae": 0.018332385037722304,
    "rmse": 0.05072306969501659,
    "r2": 0.9977322656956881
  },
  "test": {
    "mae": 0.062246237321101995,
    "rmse": 0.12237667340666412,
    "r2": 0.9839061465299301
  }
}