{
  "meta": {
    "dataset": "log_kvrh",
    "split": "crystalsys",
    "model": "coNGN",
    "split_ratio": "0.7-0.1-0.2",
    "epochs": 600,
    "batch_size": 64,
    "lr_init": 0.0005,
    "lr_final": 1e-05,
    "lr_schedule": "PolynomialDecay (linear)",
    "preprocessor": "VoronoiAsymmetricUnitCell(1e-6)",
    "n_train": 8125,
    "n_val": 1160,
    "n_test": 1698,
    "train_time_s": 4004.648947238922
  },
  "train": {
    "mae": 0.00038356500416436703,
    "rmse": 0.007106636280271825,
    "r2": 0.9996094558155688
  },
  "val": {
    "mae": 0.04970180624300014,
    "rmse": 0.10330898495491037,
    "r2": 0.9253743595732484
  },
  "test": {
    "mae": 0.05248664517436707,
    "rmse": 0.08759086316684175,
    "r2": 0.9520074733125667
  }
}