{
  "meta": {
    "dataset": "phonons",
    "split": "sgnum",
    "model": "coNGN",
    "split_ratio": "0.7-0.1-0.2",
    "epochs": 600,
    "batch_size": 64,
    "lr_init": 0.0005,
    "lr_final": 1e-05,
    "lr_schedule": "PolynomialDecay (linear)",
    "preprocessor": "VoronoiAsymmetricUnitCell(1e-6)",
    "n_train": 904,
    "n_val": 129,
    "n_test": 232,
    "train_time_s": 692.702347278595
  },
  "train": {
    "mae": 0.4869551600205567,
    "rmse": 2.3159410775681506,
    "r2": 0.9999798556011698
  },
  "val": {
    "mae": 30.59018592243091,
    "rmse": 51.853399088139476,
    "r2": 0.9881468856983896
  },
  "test": {
    "mae": 49.526237384789596,
    "rmse": 106.87059875271424,
    "r2": 0.928445673434766
  }
}