{
  "meta": {
    "dataset": "log_gvrh",
    "split": "composition",
    "model": "coNGN",
    "split_ratio": "0.7-0.1-0.2",
    "epochs": 600,
    "batch_size": 64,
    "lr_init": 0.0005,
    "lr_final": 1e-05,
    "lr_schedule": "PolynomialDecay (linear)",
    "preprocessor": "VoronoiAsymmetricUnitCell(1e-6)",
    "n_train": 7662,
    "n_val": 1095,
    "n_test": 2226,
    "train_time_s": 3772.166315793991
  },
  "train": {
    "mae": 0.00048524891585326007,
    "rmse": 0.0031170920353848597,
    "r2": 0.9999296314548914
  },
  "val": {
    "mae": 0.0715927659979486,
    "rmse": 0.11232196923151688,
    "r2": 0.9039545799104465
  },
  "test": {
    "mae": 0.07231232592013538,
    "rmse": 0.11048037341905494,
    "r2": 0.9110053545712075
  }
}