{
  "meta": {
    "dataset": "perovskites",
    "split": "crystalsys",
    "model": "coNGN",
    "split_ratio": "0.7-0.1-0.2",
    "epochs": 600,
    "batch_size": 64,
    "lr_init": 0.0005,
    "lr_final": 1e-05,
    "lr_schedule": "PolynomialDecay (linear)",
    "preprocessor": "VoronoiAsymmetricUnitCell(1e-6)",
    "n_train": 13837,
    "n_val": 1976,
    "n_test": 3115,
    "train_time_s": 4165.622661352158
  },
  "train": {
    "mae": 0.00040401037169939886,
    "rmse": 0.000517296756177285,
    "r2": 0.9999994445717707
  },
  "val": {
    "mae": 0.028875519093955578,
    "rmse": 0.05560863860086627,
    "r2": 0.9929481064686534
  },
  "test": {
    "mae": 0.09113026169841876,
    "rmse": 0.12844367636196,
    "r2": 0.9809421464386813
  }
}