{
  "meta": {
    "dataset": "mp_e_form",
    "split": "chemsys",
    "model": "coNGN",
    "split_ratio": "0.7-0.1-0.2",
    "epochs": 600,
    "batch_size": 64,
    "lr_init": 0.0005,
    "lr_final": 1e-05,
    "lr_schedule": "PolynomialDecay (linear)",
    "preprocessor": "VoronoiAsymmetricUnitCell(1e-6)",
    "n_train": 91527,
    "n_val": 13077,
    "n_test": 28117,
    "train_time_s": 95931.99648928642
  },
  "train": {
    "mae": 0.000457567139200888,
    "rmse": 0.005796332139069946,
    "r2": 0.9999752684479891
  },
  "val": {
    "mae": 0.021917334924156578,
    "rmse": 0.05819490282982031,
    "r2": 0.9975530203651068
  },
  "test": {
    "mae": 0.023322838212906812,
    "rmse": 0.059083664390616394,
    "r2": 0.997342990386103
  }
}