{
  "meta": {
    "dataset": "mp_e_form",
    "split": "periodictablegroups",
    "model": "coNGN",
    "split_ratio": "0.7-0.1-0.2",
    "epochs": 600,
    "batch_size": 64,
    "lr_init": 0.0005,
    "lr_final": 1e-05,
    "lr_schedule": "PolynomialDecay (linear)",
    "preprocessor": "VoronoiAsymmetricUnitCell(1e-6)",
    "n_train": 87327,
    "n_val": 12477,
    "n_test": 32917,
    "train_time_s": 86699.74482488632
  },
  "train": {
    "mae": 0.000500947494455722,
    "rmse": 0.006910398307641721,
    "r2": 0.999963383433357
  },
  "val": {
    "mae": 0.02133917090099964,
    "rmse": 0.06658981374584227,
    "r2": 0.9966124783024564
  },
  "test": {
    "mae": 0.22584258643468805,
    "rmse": 0.35929599768351533,
    "r2": 0.9135235535651288
  }
}