{
  "meta": {
    "dataset": "phonons",
    "split": "elements",
    "model": "coGN",
    "split_ratio": "0.7-0.1-0.2",
    "epochs": 800,
    "batch_size": 64,
    "lr_init": 0.0005,
    "lr_final": 1e-05,
    "lr_schedule": "PolynomialDecay (linear)",
    "preprocessor": "KNNAsymmetricUnitCell(24)",
    "n_train": 832,
    "n_val": 118,
    "n_test": 315,
    "train_time_s": 257.8738169670105
  },
  "train": {
    "mae": 0.9025354195981173,
    "rmse": 3.8644483933504894,
    "r2": 0.9999365573601298
  },
  "val": {
    "mae": 52.06366988145802,
    "rmse": 109.45900003893577,
    "r2": 0.9682535774413582
  },
  "test": {
    "mae": 95.31129360289715,
    "rmse": 152.16565248566917,
    "r2": 0.8866867922513872
  }
}