{
  "meta": {
    "dataset": "mp_e_form",
    "split": "pointgroup",
    "model": "coNGN",
    "split_ratio": "0.7-0.1-0.2",
    "epochs": 600,
    "batch_size": 64,
    "lr_init": 0.0005,
    "lr_final": 1e-05,
    "lr_schedule": "PolynomialDecay (linear)",
    "preprocessor": "VoronoiAsymmetricUnitCell(1e-6)",
    "n_train": 93409,
    "n_val": 13346,
    "n_test": 25966,
    "train_time_s": 75585.58810043335
  },
  "train": {
    "mae": 0.0004958865372958444,
    "rmse": 0.007466280042647642,
    "r2": 0.9999588428794196
  },
  "val": {
    "mae": 0.021675432683567537,
    "rmse": 0.0539529876569087,
    "r2": 0.9978856864279726
  },
  "test": {
    "mae": 0.021478623648776243,
    "rmse": 0.04849089761070388,
    "r2": 0.9980683689595785
  }
}