{
  "meta": {
    "dataset": "log_kvrh",
    "split": "elements",
    "model": "coGN",
    "split_ratio": "0.7-0.1-0.2",
    "epochs": 800,
    "batch_size": 64,
    "lr_init": 0.0005,
    "lr_final": 1e-05,
    "lr_schedule": "PolynomialDecay (linear)",
    "preprocessor": "KNNAsymmetricUnitCell(24)",
    "n_train": 5724,
    "n_val": 818,
    "n_test": 4441,
    "train_time_s": 1412.7178268432617
  },
  "train": {
    "mae": 0.000610496081433165,
    "rmse": 0.009874436838090674,
    "r2": 0.9993129446450707
  },
  "val": {
    "mae": 0.06624660687089065,
    "rmse": 0.12069711579734414,
    "r2": 0.8943446370030479
  },
  "test": {
    "mae": 0.06971486644687973,
    "rmse": 0.12797969230838072,
    "r2": 0.8684330143388241
  }
}