{
  "meta": {
    "dataset": "perovskites",
    "split": "sgnum",
    "model": "coNGN",
    "split_ratio": "0.7-0.1-0.2",
    "epochs": 600,
    "batch_size": 64,
    "lr_init": 0.0005,
    "lr_final": 1e-05,
    "lr_schedule": "PolynomialDecay (linear)",
    "preprocessor": "VoronoiAsymmetricUnitCell(1e-6)",
    "n_train": 13378,
    "n_val": 1911,
    "n_test": 3639,
    "train_time_s": 3968.7759232521057
  },
  "train": {
    "mae": 0.0004901886231904795,
    "rmse": 0.0018755930359169858,
    "r2": 0.9999942380815644
  },
  "val": {
    "mae": 0.0335660142251712,
    "rmse": 0.0706973829172436,
    "r2": 0.9911881175884201
  },
  "test": {
    "mae": 0.09090395406866203,
    "rmse": 0.12110292309066635,
    "r2": 0.9529660571451439
  }
}