{
  "meta": {
    "dataset": "log_kvrh",
    "split": "periodictablegroups",
    "model": "coNGN",
    "split_ratio": "0.7-0.1-0.2",
    "epochs": 600,
    "batch_size": 64,
    "lr_init": 0.0005,
    "lr_final": 1e-05,
    "lr_schedule": "PolynomialDecay (linear)",
    "preprocessor": "VoronoiAsymmetricUnitCell(1e-6)",
    "n_train": 7273,
    "n_val": 1039,
    "n_test": 2671,
    "train_time_s": 3616.146579027176
  },
  "train": {
    "mae": 0.00028654195630492925,
    "rmse": 0.0014450319677963039,
    "r2": 0.999980164781682
  },
  "val": {
    "mae": 0.04386432265217061,
    "rmse": 0.09353684099630374,
    "r2": 0.9104029218230141
  },
  "test": {
    "mae": 0.10786913728025606,
    "rmse": 0.1759751533559601,
    "r2": 0.8387900727989038
  }
}