{
  "meta": {
    "dataset": "log_kvrh",
    "split": "chemsys",
    "model": "coGN",
    "split_ratio": "0.7-0.1-0.2",
    "epochs": 800,
    "batch_size": 64,
    "lr_init": 0.0005,
    "lr_final": 1e-05,
    "lr_schedule": "PolynomialDecay (linear)",
    "preprocessor": "KNNAsymmetricUnitCell(24)",
    "n_train": 7682,
    "n_val": 1097,
    "n_test": 2204,
    "train_time_s": 1841.1307606697083
  },
  "train": {
    "mae": 0.0006012302693309294,
    "rmse": 0.0106616265762098,
    "r2": 0.9991579610669512
  },
  "val": {
    "mae": 0.06232734617304494,
    "rmse": 0.13009266572040756,
    "r2": 0.8806864465057712
  },
  "test": {
    "mae": 0.05733562536081873,
    "rmse": 0.11248410488298398,
    "r2": 0.9059678380333587
  }
}