{
  "meta": {
    "dataset": "log_kvrh",
    "split": "pointgroup",
    "model": "coGN",
    "split_ratio": "0.7-0.1-0.2",
    "epochs": 800,
    "batch_size": 64,
    "lr_init": 0.0005,
    "lr_final": 1e-05,
    "lr_schedule": "PolynomialDecay (linear)",
    "preprocessor": "KNNAsymmetricUnitCell(24)",
    "n_train": 7786,
    "n_val": 1112,
    "n_test": 2085,
    "train_time_s": 1949.7680060863495
  },
  "train": {
    "mae": 0.00042905001722935514,
    "rmse": 0.004141814398386807,
    "r2": 0.9998701997586263
  },
  "val": {
    "mae": 0.05648838767936327,
    "rmse": 0.1155072398554679,
    "r2": 0.8971050865616056
  },
  "test": {
    "mae": 0.06841794802556071,
    "rmse": 0.11733765041907789,
    "r2": 0.9085858891882523
  }
}