{
  "meta": {
    "dataset": "mp_e_form",
    "split": "crystalsys",
    "model": "coNGN",
    "split_ratio": "0.7-0.1-0.2",
    "epochs": 600,
    "batch_size": 64,
    "lr_init": 0.0005,
    "lr_final": 1e-05,
    "lr_schedule": "PolynomialDecay (linear)",
    "preprocessor": "VoronoiAsymmetricUnitCell(1e-6)",
    "n_train": 92710,
    "n_val": 13245,
    "n_test": 26766,
    "train_time_s": 107462.30687451363
  },
  "train": {
    "mae": 0.0004641812658461335,
    "rmse": 0.00741542015421318,
    "r2": 0.9999582960592268
  },
  "val": {
    "mae": 0.019424300928272485,
    "rmse": 0.047753675009001594,
    "r2": 0.9982950928797901
  },
  "test": {
    "mae": 0.04672691281019849,
    "rmse": 0.12108294710489517,
    "r2": 0.989179853347975
  }
}