{
  "meta": {
    "dataset": "phonons",
    "split": "crystalsys",
    "model": "coGN",
    "split_ratio": "0.7-0.1-0.2",
    "epochs": 800,
    "batch_size": 64,
    "lr_init": 0.0005,
    "lr_final": 1e-05,
    "lr_schedule": "PolynomialDecay (linear)",
    "preprocessor": "KNNAsymmetricUnitCell(24)",
    "n_train": 853,
    "n_val": 121,
    "n_test": 291,
    "train_time_s": 332.0817084312439
  },
  "train": {
    "mae": 0.7578264377856989,
    "rmse": 1.2943326914939894,
    "r2": 0.9999927866287681
  },
  "val": {
    "mae": 36.904209034313375,
    "rmse": 78.72227156540909,
    "r2": 0.9616561258026457
  },
  "test": {
    "mae": 58.85498780290538,
    "rmse": 100.11311107743313,
    "r2": 0.9675210857715372
  }
}