{
  "meta": {
    "dataset": "jdft2d",
    "split": "periodictablegroups",
    "model": "coNGN",
    "split_ratio": "0.7-0.1-0.2",
    "epochs": 600,
    "batch_size": 64,
    "lr_init": 0.0005,
    "lr_final": 1e-05,
    "lr_schedule": "PolynomialDecay (linear)",
    "preprocessor": "VoronoiAsymmetricUnitCell(1e-6)",
    "n_train": 421,
    "n_val": 60,
    "n_test": 155,
    "train_time_s": 271.4922263622284
  },
  "train": {
    "mae": 0.13548562402615966,
    "rmse": 0.519626189040392,
    "r2": 0.9999822434855294
  },
  "val": {
    "mae": 26.523946510431223,
    "rmse": 67.65645715831174,
    "r2": 0.8267176276114567
  },
  "test": {
    "mae": 41.963315552935406,
    "rmse": 147.48465729761477,
    "r2": 0.012065418934711802
  }
}